vendor;product;average_price;document_id;product_id;vendor_id;vendor_city;vendor_country;category_L1;category_L2
Alpenrind GmbH;BEEF SLICED IEGDVZ.;16.99999999681151;DOC29F8F1802B1;255;4;Salzburg;AT;Raw Materials;Meat
Alpenrind GmbH;BEEF CUT OPPHNT.;12.999999999970516;DOC2D410106BFA;246;4;Salzburg;AT;Raw Materials;Meat
Greiner Packaging Wartberg;PLASTIC BOTTLES FRCKJX.;0.5683949890571416;DOC2285BF1170D;290;11;Wartberg an der Krems;AT;Raw Materials;Flour & Grain
Greiner Packaging Wartberg;PLASTIC CAP UUVPTM.;0.5516391240502692;DOC2D9659BA2F5;227;11;Wartberg an der Krems;AT;Packaging;Plastic
Greiner Packaging Wartberg;PLASTIC BOTTLES AIDTIS.;0.7954501255388287;DOC236C7F02D38;372;11;Wartberg an der Krems;AT;Raw Materials;Flour & Grain
Greiner Packaging Wartberg;PLASTIC BOTTLES EZVCBV.;0.5427673186890871;DOC294AE19EDE8;247;11;Wartberg an der Krems;AT;Raw Materials;Flour & Grain
Greiner Packaging Wartberg;PLASTIC BOTTLES PILCDX.;0.648085562712222;DOC2E6D2F9C7C2;97;11;Wartberg an der Krems;AT;Raw Materials;Flour & Grain
Greiner Packaging Wartberg;PLASTIC BOTTLES VRAJSE.;0.6358502780477868;DOC219AA0620ED;263;11;Wartberg an der Krems;AT;Raw Materials;Flour & Grain
Greiner Packaging Wartberg;PLASTIC BOTTLES KUXPVA.;0.6076684362108288;DOC2F6B2B4EB80;6;11;Wartberg an der Krems;AT;Raw Materials;Flour & Grain
Greiner Packaging Wartberg;PLASTIC BOTTLES RRMWYF.;0.6762195198914542;DOC2B725E15309;398;11;Wartberg an der Krems;AT;Packaging;Plastic
Greiner Packaging Wartberg;PLASTIC BOTTLES GZYEEKY.;0.7607409039915274;DOC2F6B2B4EB80;11;11;Wartberg an der Krems;AT;Packaging;Plastic
Greiner Packaging Wartberg;PLASTIC BOTTLES CARUID;0.5393682651811619;DOC27E5ACFE74D;161;11;Wartberg an der Krems;AT;Raw Materials;Flour & Grain
Greiner Packaging Wartberg;PLASTIC BOTTLES XSEVMJ.;0.6317046340935208;DOC2D0AAEFE5A1;149;11;Wartberg an der Krems;AT;Packaging;Plastic
Greiner Packaging Wartberg;PLASTIC BOTTLES ROXGDS.;0.647637262102246;DOC2F6B2B4EB80;280;11;Wartberg an der Krems;AT;Raw Materials;Flour & Grain
Greiner Packaging Wartberg;PLASTIC BOTTLES UYNAOH.;0.5381580559211419;DOC276EF6E5C7E;249;11;Wartberg an der Krems;AT;Raw Materials;Flour & Grain
Greiner Packaging Wartberg;PLASTIC BOTTLES OKWOYU.;0.7603152856463606;DOC2CC2B212AE5;135;11;Wartberg an der Krems;AT;Raw Materials;Flour & Grain
Greiner Packaging Wartberg;PLASTIC BOTTLES ARE PLEBT.;0.7742213432520719;DOC2F6B2B4EB80;321;11;Wartberg an der Krems;AT;Raw Materials;Flour & Grain
CORETH Kunststoffverarb. GmbH;WAREHOUSE CONSUMERS YJQDDI.;0.542889237980872;DOC2F1CFA7D876;337;5;UNTERWALTERSDORF;AT;Packaging;Plastic
CORETH Kunststoffverarb. GmbH;WAREHOUSE CONSUMERS ZWMOHV.;0.7285639053235109;DOC2553DA99632;391;5;UNTERWALTERSDORF;AT;Packaging;Plastic
CORETH Kunststoffverarb. GmbH;STOCK CONSUMERS XYNRYY;0.7995881578252197;DOC24506384BAB;147;5;UNTERWALTERSDORF;AT;Packaging;Plastic
CORETH Kunststoffverarb. GmbH;BEARING CONSUMERS SLZWBM.;13.000000002551783;DOC27B8DD35552;174;5;UNTERWALTERSDORF;AT;Packaging;Plastic
CORETH Kunststoffverarb. GmbH;STOCK CONSUMERS FSYHFW.;0.6478963905681003;DOC2D2C573E85C;412;5;UNTERWALTERSDORF;AT;Packaging;Plastic
CORETH Kunststoffverarb. GmbH;PLASTIC / / USDZKT;0.6301356100847562;DOC266DD055BE3;226;5;UNTERWALTERSDORF;AT;Packaging;Plastic
CORETH Kunststoffverarb. GmbH;BEARING CONSUMERS HTAAUR.;14.000000002531293;DOC25017E3DFA4;160;5;UNTERWALTERSDORF;AT;Packaging;Plastic
CORETH Kunststoffverarb. GmbH;WAREHOUSE CONSUMERS YQDAQF;0.6724467947099355;DOC2CC66C90A1E;59;5;UNTERWALTERSDORF;AT;Packaging;Plastic
GLOBUS Konserven- u. Tiefk.prod. Gm;CORN JIBUSG.;1.5;DOC22623012FF1;91;19;WIEN;AT;Raw Materials;Fruit, Berry & Vegetable
GLOBUS Konserven- u. Tiefk.prod. Gm;CORN TCPVKB.;1.200000000217142;DOC23E7194B343;389;19;WIEN;AT;Raw Materials;Fruit, Berry & Vegetable
GRANDITS GmbH.;BEEF CUT QLHDIL.;13.999999999198597;DOC2281896F6F3;306;20;KIRCHSCHLAG;AT;Raw Materials;Meat
GRANDITS GmbH.;BEEF CUT KXKQRB.;10.999999999155122;DOC25345408748;416;20;KIRCHSCHLAG;AT;Raw Materials;Meat
GRANDITS GmbH.;BEEF SLICED IEGDVZ.;17.00000000137135;DOC2B0E3DB2EBF;255;20;KIRCHSCHLAG;AT;Raw Materials;Meat
GRANDITS GmbH.;SLICED BEEF VGJAJI.;0.6145058041933882;DOC22881D65841;66;20;KIRCHSCHLAG;AT;Raw Materials;Meat
GRANDITS GmbH.;BEEF CUT OPPHNT.;12.999999999810466;DOC2E9B83EAB5F;246;20;KIRCHSCHLAG;AT;Raw Materials;Meat
OSI Food Solutions Austria GmbH & Co KG;BEEF CUT QLHDIL.;14.000000003064695;DOC2B260286261;306;34;Enns;AT;Raw Materials;Meat
OSI Food Solutions Austria GmbH & Co KG;BEEF CUTTER RYRSGC.;189.99999999441346;DOC207609053E7;2;34;Enns;AT;Raw Materials;Meat
OSI Food Solutions Austria GmbH & Co KG;BEEF SLICED IEGDVZ.;17.00000000075444;DOC27032F54D91;255;34;Enns;AT;Raw Materials;Meat
OSI Food Solutions Austria GmbH & Co KG;PROCESSED PORK NIPXEY.;0.7432679440814057;DOC2C4CC80D226;74;34;Enns;AT;Raw Materials;Meat
OSI Food Solutions Austria GmbH & Co KG;PORK CUT QJLUMP.;0.5750897973877339;DOC224F49EBEB6;144;34;Enns;AT;Raw Materials;Meat
OSI Food Solutions Austria GmbH & Co KG;MEAT / / IVDWQV;9.650091782517938;DOC2FF49845073;35;34;Enns;AT;Raw Materials;Meat
OSI Food Solutions Austria GmbH & Co KG;PORK SLICED YAXSQJ.;0.5839299725405838;DOC23C09E4ADBC;182;34;Enns;AT;Raw Materials;Meat
OSI Food Solutions Austria GmbH & Co KG;BEEF CUT OPPHNT.;13.00000000009716;DOC22E2874EE10;246;34;Enns;AT;Raw Materials;Meat
HNAT GmbH;BEARING CONSUMERS SLZWBM.;12.999999998673278;DOC2111180B20A;174;41;Himberg;AT;Packaging;Plastic
HNAT GmbH;BEARING CONSUMERS BPMPK.;14.999999999947365;DOC27E8891F31F;407;41;Himberg;AT;Packaging;Plastic
HNAT GmbH;BEARING CONSUMERS HTAAUR.;14.000000000096769;DOC28504B1DD6C;160;41;Himberg;AT;Packaging;Plastic
HNAT GmbH;STOCK CONSUMERS VZHXIA;0.5835782136093617;DOC23862060BF2;210;41;Himberg;AT;Packaging;Plastic
HNAT GmbH;WAREHOUSE CONSUMERS VWIQES.;0.5882341303467171;DOC211A9070CC7;76;41;Himberg;AT;Packaging;Plastic
HNAT GmbH;STOCK CONSUMERS HRDYTU.;0.6241020369662489;DOC2A242B2A1D2;262;41;Himberg;AT;Packaging;Plastic
HNAT GmbH;WAREHOUSE CONSUMERS YJQDDI.;0.5428892379988781;DOC2B8C656D7AA;337;41;Himberg;AT;Packaging;Plastic
Greiner Packaging Wartberg;PLASTIC BOTTLES SLVMYX.;0.7612455078083271;DOC2C8E5FEC348;42;11;Wartberg an der Krems;AT;Packaging;Plastic
Greiner Packaging Wartberg;PLASTIC BOTTLES UYEGPH.;0.7981140760539577;DOC2944838393F;200;11;Wartberg an der Krems;AT;Raw Materials;Flour & Grain
Greiner Packaging Wartberg;PLASTIC BOTTLES FFIJEB.;0.5763900417774024;DOC2F6B2B4EB80;146;11;Wartberg an der Krems;AT;Packaging;Plastic
NÃ–M AG;SAHNEGESER;0.778841865988519;DOC2041FFCEE11;271;28;Baden;AT;Raw Materials;Dairy & Egg
HNAT GmbH;WAREHOUSE CONSUMERS YQDAQF;0.6724467946842141;DOC2A26F3509D9;59;41;Himberg;AT;Packaging;Plastic
HNAT GmbH;STOCK CONSUMERS XYNRYY;0.7995881577619612;DOC217BE85ED80;147;41;Himberg;AT;Packaging;Plastic
"Farm Enterprise ""Organic Systems""";TOMATO CPCYCB.;0.7107771003481758;DOC2CD2C88C479;232;12;Nikolaev Region;UA;Raw Materials;Fruit, Berry & Vegetable
Norbert Marcher GmbH Betriebstaette;BEEF SLICED IEGDVZ.;17.000000002800704;DOC269083A3B49;255;49;Graz;AT;Raw Materials;Meat
Norbert Marcher GmbH Betriebstaette;BEEF CUT KISSING;12.000000000964267;DOC23852D23312;367;49;Graz;AT;Raw Materials;Meat
Norbert Marcher GmbH Betriebstaette;BEEF CUT OPPHNT.;12.99999999956744;DOC273A1D5E1FE;246;49;Graz;AT;Raw Materials;Meat
Norbert Marcher GmbH Betriebstaette;BEEF CUTTER RYRSGC.;189.99999998038228;DOC2483A214932;2;49;Graz;AT;Raw Materials;Meat
Norbert Marcher GmbH Betriebstaette;BEEF CUT QLHDIL.;14.000000002752367;DOC2C97810BA47;306;49;Graz;AT;Raw Materials;Meat
Norbert Marcher GmbH Betriebstaette;SLICED BEEF VGJAJI.;0.6145058041169764;DOC2FD6FCC69B7;66;49;Graz;AT;Raw Materials;Meat
Norbert Marcher GmbH Betriebstaette;PORK SLICED VMZKZY.;0.6740753319639505;DOC2A612BB848E;93;49;Graz;AT;Raw Materials;Meat
Norbert Marcher GmbH Betriebstaette;MEAT / / KVXEKV;6.080490484783288;DOC283DB904DB8;152;49;Graz;AT;Raw Materials;Meat
Norbert Marcher GmbH Betriebstaette;MEAT / / IVDWQV;9.650091781121809;DOC20DD813AE37;35;49;Graz;AT;Raw Materials;Meat
Norbert Marcher GmbH Betriebstaette;PORK SLICED YAXSQJ.;0.5839299724331208;DOC2C8977E0957;182;49;Graz;AT;Raw Materials;Meat
Tulip Food Company GmbH;PROCESSED PORK ZMDZXA.;0.519971327827113;DOC2086422BEC5;421;44;Hamburg;DE;Raw Materials;Meat
Tulip Food Company GmbH;MEAT / / TAFXJE;8.683943429458001;DOC28512C48AE7;216;44;Hamburg;DE;Raw Materials;Meat
Tulip Food Company GmbH;BEEF SLICED TANEWBA.;14.999999999248613;DOC21B9A478798;126;44;Hamburg;DE;Raw Materials;Meat
Tulip Food Company GmbH;MEAT / / SJNSSI;9.00837757965503;DOC28F1F00D677;288;44;Hamburg;DE;Raw Materials;Meat
Tulip Food Company GmbH;MEAT / / SXYHZH;6.247218309764934;DOC2EF2EB22A21;286;44;Hamburg;DE;Raw Materials;Meat
Tulip Food Company GmbH;MEAT / / STBXKY;6.861656245853334;DOC2086422BEC5;171;44;Hamburg;DE;Raw Materials;Meat
TARIS HandelsgesmbH;TOMATO CPCYCB.;0.7107771002896075;DOC2AF6F091D0C;232;38;Klagenfurt;AT;Raw Materials;Fruit, Berry & Vegetable
Norbert Marcher GmbH Betriebstaette;GARLIC BNKRZ.;0.5;DOC2D1CA6122E5;250;49;Graz;AT;Raw Materials;Fruit, Berry & Vegetable
Norbert Marcher GmbH Betriebstaette;PEPPER KWVWWT.;0.6644110302459406;DOC2D1CA6122E5;242;49;Graz;AT;Raw Materials;Seasoning & Additives
Norbert Marcher GmbH Betriebstaette;SPICES ZNGNKD.;0.653658135210531;DOC2D1CA6122E5;191;49;Graz;AT;Raw Materials;Seasoning & Additives
Norbert Marcher GmbH Betriebstaette;SPICES OOVZJF.;0.6785702679796395;DOC2D1CA6122E5;254;49;Graz;AT;Raw Materials;Seasoning & Additives
Norbert Marcher GmbH Betriebstaette;SPICES YWHSKG.;0.7540699918928162;DOC2D1CA6122E5;64;49;Graz;AT;Raw Materials;Seasoning & Additives
Norbert Marcher GmbH Betriebstaette;SPICES QUNROZ.;0.7877359257814259;DOC2D1CA6122E5;284;49;Graz;AT;Raw Materials;Seasoning & Additives
Norbert Marcher GmbH Betriebstaette;SPICES UOGHUJ.;0.6919453807218849;DOC2D1CA6122E5;338;49;Graz;AT;Raw Materials;Seasoning & Additives
VETROPACK AUSTRIA GMBH;GLASS JAR ONBKCK.;1.0150000000803083;DOC29A2CEBFDAE;309;32;POECHLARN;AT;Packaging;Glass
Ardagh Metal Beverage Manufactur Austria;FASSS OVWVNH.;20.999999996828876;DOC21FA19DF1E0;106;8;Enzesfeld-Lindabrunn;AT;Packaging;Barrels
ZIMMERMANN Druck KG;LABEL HBXDRP.;0.07194814052495255;DOC216C3EDA4FA;258;6;GLEISDORF;AT;Packaging;Paper & Carton
Consorzio Padano Ortofrutticolo;TOMATO CPCYCB.;0.7107771001146499;DOC2E51EB4BF9F;232;23;COLLECCHIO;IT;Raw Materials;Fruit, Berry & Vegetable
Crown Commercial Polska Sp.z.o.o.;METAL // TSETHX;0.5336478198146998;DOC22FC838711B;348;36;Goleniow;PL;Packaging;Metal
D.NOMIKOS S.A.;TOMATO GHZAWT.;0.7591969227387005;DOC2677450E671;222;26;Athens;GR;Raw Materials;Fruit, Berry & Vegetable
MASSBERG Karl W.K. GmbH.& Co KG;RICE OGECDM;0.5624510278383561;DOC2055140AC56;131;18;Hamburg;DE;Raw Materials;Flour & Grain
Greenyard Prepare Belgium nv;BEAN ZBBLVG.;209.99999998429294;DOC21287113DC4;396;48;Bree;BE;Raw Materials;Fruit, Berry & Vegetable
Mamminger Konserven GmbH;BEAN GFEZYE.;200.0;DOC23FB95112E2;77;46;Mamming;DE;Raw Materials;Fruit, Berry & Vegetable
Bunge Austria GmbH;RAPE SEED OIL BCFGRJ;0.6123286355359603;DOC28DD3BA96C5;54;2;BRUCK/LEITHA;AT;Raw Materials;Fats & Oils
MARZEK ETIKETTEN GMBH.;LABEL QUALZ.;0.07066848431183219;DOC2E1FD3128C9;192;27;TRAISKIRCHEN;AT;Packaging;Label adhesive
Mayr & Holzinger OG;CUCUMBER XAGJAD.;1.2000000000260092;DOC2E93E461170;376;33;Ansfelden;AT;Raw Materials;Fruit, Berry & Vegetable
Povazsky cukor a.s.;CRYSTAL SUGAR LTCBUB.;0.6999999999412815;DOC2C57D1F829D;304;30;Trencianska Tepla;SK;Raw Materials;Sweeteners
RPC Containers Limited;PLASTIC BOTTLES KFOWQY.;0.5537460907684069;DOC2BF6318E3A8;29;22;Halstead Essex;GB;Packaging;Plastic
International Trade Co.Ltd.;TOMATO CPCYCB.;0.710777100110467;DOC28CCCE5D2DA;232;47;Tianjin;CN;Raw Materials;Fruit, Berry & Vegetable
GETRA Logistics Austria GmbH & Co. KG;TOMATO LJTZDU.;0.5177424251167642;DOC27051C8C5F6;359;9;Salzburg;AT;Raw Materials;Fruit, Berry & Vegetable
GETRA Logistics Austria GmbH & Co. KG;TOMATO SCEFNE.;0.5730573158682712;DOC23A03DF326C;273;9;Salzburg;AT;Raw Materials;Fruit, Berry & Vegetable
GETRA Logistics Austria GmbH & Co. KG;TOMATO GHZAWT.;0.7591969226137516;DOC2C23A8543AF;222;9;Salzburg;AT;Raw Materials;Fruit, Berry & Vegetable
GETRA Logistics Austria GmbH & Co. KG;TOMATO CHQNHR.;0.7029949916107163;DOC29FA6DE57A6;245;9;Salzburg;AT;Raw Materials;Fruit, Berry & Vegetable
GETRA Logistics Austria GmbH & Co. KG;TOMATO EYE.;0.6550743277966709;DOC23C61F02746;334;9;Salzburg;AT;Raw Materials;Fruit, Berry & Vegetable
GETRA Logistics Austria GmbH & Co. KG;TOMATO WUHACD.;0.5387707142592804;DOC2B5955EEA94;72;9;Salzburg;AT;Raw Materials;Fruit, Berry & Vegetable
GETRA Logistics Austria GmbH & Co. KG;TOMATO QONMVY.;0.7399736148594134;DOC2DEBD94E762;98;9;Salzburg;AT;Raw Materials;Fruit, Berry & Vegetable
GETRA Logistics Austria GmbH & Co. KG;TOMATO MVQVBE.;0.5777604196166612;DOC24FD5D73778;124;9;Salzburg;AT;Raw Materials;Fruit, Berry & Vegetable
GETRA Logistics Austria GmbH & Co. KG;TOMATO FHQCQU.;0.6526161633913816;DOC2C796292F74;327;9;Salzburg;AT;Raw Materials;Fruit, Berry & Vegetable
GETRA Logistics Austria GmbH & Co. KG;TOMATO CPCYCB.;0.710777100205672;DOC21526B94F54;232;9;Salzburg;AT;Raw Materials;Fruit, Berry & Vegetable
GETRA Logistics Austria GmbH & Co. KG;CUCUMBER ITKYDN.;1.2000000001170186;DOC29588A81311;122;9;Salzburg;AT;Raw Materials;Fruit, Berry & Vegetable
GETRA Logistics Austria GmbH & Co. KG;BEAN UFULSI.;219.99999999911643;DOC2F3AB4B2AC9;163;9;Salzburg;AT;Raw Materials;Fruit, Berry & Vegetable
GETRA Logistics Austria GmbH & Co. KG;CUCUMBER VOMRHG.;1.5999999996785683;DOC2F8EA627FD5;350;9;Salzburg;AT;Raw Materials;Fruit, Berry & Vegetable
GETRA Logistics Austria GmbH & Co. KG;FROZEN FRUIT LEDED.;1.0;DOC22D81B249AC;41;9;Salzburg;AT;Raw Materials;Fruit, Berry & Vegetable
GETRA Logistics Austria GmbH & Co. KG;BEAN ZBBLVG.;209.9999999976568;DOC24F9FB3CD00;396;9;Salzburg;AT;Raw Materials;Fruit, Berry & Vegetable
GETRA Logistics Austria GmbH & Co. KG;PRESERVED VEGETABLES ZZOJCD.;0.7364330287408511;DOC26144A10E2A;199;9;Salzburg;AT;Raw Materials;Fruit, Berry & Vegetable
GETRA Logistics Austria GmbH & Co. KG;RICE VPOWAD.;0.7330598903559987;DOC2117176C8A7;155;9;Salzburg;AT;Raw Materials;Fruit, Berry & Vegetable
GETRA Logistics Austria GmbH & Co. KG;TOMATO EGHJHI.;0.7357920582892926;DOC2787A1DD5DD;223;9;Salzburg;AT;Raw Materials;Fruit, Berry & Vegetable
VETROPACK AUSTRIA GMBH;GLASS JAR DLSXND.;1.2000000005483797;DOC2186830E676;212;32;POECHLARN;AT;Packaging;Glass
VETROPACK AUSTRIA GMBH;GLASS JAR KLSZKC.;1.0449999999566795;DOC274F6E1D56B;134;32;POECHLARN;AT;Packaging;Glass
VETROPACK AUSTRIA GMBH;GLASS JAR YUYLCY.;1.0;DOC2AFD5C95E67;347;32;POECHLARN;AT;Packaging;Glass
VETROPACK AUSTRIA GMBH;GLASS JAR HJDMKH.;1.0750000000220679;DOC20CDC34C8B1;188;32;POECHLARN;AT;Packaging;Glass
VETROPACK AUSTRIA GMBH;GLASS JAR HRZVWY.;1.0599999999543952;DOC28CBEB5AAD9;198;32;POECHLARN;AT;Packaging;Glass
VETROPACK AUSTRIA GMBH;GLASS VESSEL GXVUDH.;1.0;DOC2CDB57C4CB8;67;32;POECHLARN;AT;Packaging;Glass
VETROPACK AUSTRIA GMBH;GLASS JAR DNOZDK.;1.050000000000073;DOC2A7DD9128C1;234;32;POECHLARN;AT;Packaging;Glass
VETROPACK AUSTRIA GMBH;GLASS JAR MHNQQV.;1.0300000000228322;DOC20EB95A4CBF;257;32;POECHLARN;AT;Packaging;Glass
VETROPACK AUSTRIA GMBH;GLASS JAR DVVOZY.;1.0999999999803731;DOC23F0C818C99;61;32;POECHLARN;AT;Packaging;Glass
VETROPACK AUSTRIA GMBH;GLASS JAR ADKHHO.;1.1000000000632775;DOC2CCDB90D61A;28;32;POECHLARN;AT;Packaging;Glass
GETRA Logistics Austria GmbH & Co. KG;TOMATO DYZQCV.;0.7194793770562702;DOC23ADD6FF2D6;269;9;Salzburg;AT;Raw Materials;Fruit, Berry & Vegetable
MARZEK ETIKETTEN GMBH.;LABEL WQWOTH.;0.06064927026987609;DOC26E600E081D;239;27;TRAISKIRCHEN;AT;Packaging;Label adhesive
MARZEK ETIKETTEN GMBH.;ESTABLISH LABEL DEPENDENCE;10.0;DOC275808400BA;425;27;TRAISKIRCHEN;AT;Packaging;Label adhesive
MARZEK ETIKETTEN GMBH.;LABEL VMHQOM.;0.09246643635847672;DOC23015F77DEB;426;27;TRAISKIRCHEN;AT;Packaging;Label adhesive
MARZEK ETIKETTEN GMBH.;LABEL KAYGDZ.;0.06409598835187053;DOC27F21FC2ABE;233;27;TRAISKIRCHEN;AT;Packaging;Label adhesive
MARZEK ETIKETTEN GMBH.;LABEL YNQUPW.;0.07707439432373552;DOC275A7E117FE;424;27;TRAISKIRCHEN;AT;Packaging;Label adhesive
MARZEK ETIKETTEN GMBH.;SELF-ADHESIVE LABELS BLIURN;0.5220562928796231;DOC22FD7FB040C;236;27;TRAISKIRCHEN;AT;Packaging;Label adhesive
MARZEK ETIKETTEN GMBH.;SELF-ADHESIVE LABELS SJGFGM;0.537592652982025;DOC22FD7FB040C;86;27;TRAISKIRCHEN;AT;Packaging;Label adhesive
Ardagh Metal Beverage Manufactur Austria;BARREL UWLJRG.;55.99999998477845;DOC215A8201273;9;8;Enzesfeld-Lindabrunn;AT;Packaging;Barrels
Ardagh Metal Beverage Manufactur Austria;BARREL YZIUPK.;51.99999999582815;DOC25C86D2852A;156;8;Enzesfeld-Lindabrunn;AT;Packaging;Barrels
Ardagh Metal Beverage Manufactur Austria;KEGS DQFXMG.;1.2000000003878184;DOC24776C69D23;235;8;Enzesfeld-Lindabrunn;AT;Packaging;Kegs
Ardagh Metal Beverage Manufactur Austria;BARRELS UQXAAD.;48.19999999207096;DOC2E5650A4EAB;293;8;Enzesfeld-Lindabrunn;AT;Packaging;Barrels
Ardagh Metal Beverage Manufactur Austria;BARREL OJWRA.;50.00000001234037;DOC2598BA79B61;132;8;Enzesfeld-Lindabrunn;AT;Packaging;Barrels
Ardagh Metal Beverage Manufactur Austria;KEGS TGBYCD.;1.4000000000423307;DOC22E79D97E4F;162;8;Enzesfeld-Lindabrunn;AT;Packaging;Kegs
Ardagh Metal Beverage Manufactur Austria;KEGS OTBDGO.;1.2999999999954626;DOC2B7EEEFDBDD;23;8;Enzesfeld-Lindabrunn;AT;Packaging;Kegs
Ardagh Metal Beverage Manufactur Austria;BARREL QJYMLRR.;52.99999999750521;DOC2086AFB5A5E;339;8;Enzesfeld-Lindabrunn;AT;Packaging;Barrels
Ardagh Metal Beverage Manufactur Austria;BARREL ZRCIJS.;50.00000001439278;DOC2BE129FD0EE;323;8;Enzesfeld-Lindabrunn;AT;Packaging;Barrels
Ardagh Metal Beverage Manufactur Austria;BARRELS UMZWOU.;49.50000001072772;DOC2D2607889EB;315;8;Enzesfeld-Lindabrunn;AT;Packaging;Barrels
Ardagh Metal Beverage Manufactur Austria;FASSS IFJNIW.;19.999999999960522;DOC21745A4B6C9;92;8;Enzesfeld-Lindabrunn;AT;Packaging;Barrels
MARZEK ETIKETTEN GMBH.;SELF-ADHESIVE LABELS IEPWRG;0.6365540850007483;DOC2C23632BBE1;349;27;TRAISKIRCHEN;AT;Packaging;Label adhesive
MARZEK ETIKETTEN GMBH.;SELF-ADHESIVE LABELS VVWHCU;0.615942599168716;DOC2151BBA938D;30;27;TRAISKIRCHEN;AT;Packaging;Label adhesive
MARZEK ETIKETTEN GMBH.;SELF-ADHESIVE LABELS ASXMUX;0.7293994157358832;DOC2D78A50CCEF;202;27;TRAISKIRCHEN;AT;Packaging;Label adhesive
MARZEK ETIKETTEN GMBH.;SELF-ADHESIVE LABELS GHAIPL;0.5673478600688877;DOC22AE00D8A2E;3;27;TRAISKIRCHEN;AT;Packaging;Label adhesive
MARZEK ETIKETTEN GMBH.;SELF-ADHESIVE LABELS LFPWMN;0.7215560080660806;DOC2C23632BBE1;341;27;TRAISKIRCHEN;AT;Packaging;Label adhesive
MARZEK ETIKETTEN GMBH.;SELF-ADHESIVE LABELS UXKAOP;0.6050214604957729;DOC249C1444D7F;89;27;TRAISKIRCHEN;AT;Packaging;Label adhesive
MARZEK ETIKETTEN GMBH.;SELF-ADHESIVE LABELS DMIODR;0.7484235097029786;DOC2D78A50CCEF;335;27;TRAISKIRCHEN;AT;Packaging;Label adhesive
MARZEK ETIKETTEN GMBH.;SELF-ADHESIVE LABELS FCZPEQ;0.7213315282441176;DOC28C67C7C4CB;228;27;TRAISKIRCHEN;AT;Packaging;Label adhesive
MARZEK ETIKETTEN GMBH.;SELF-ADHESIVE LABELS MRAXES;0.5599539105986275;DOC2C1D324549E;121;27;TRAISKIRCHEN;AT;Packaging;Label adhesive
MARZEK ETIKETTEN GMBH.;ADHESIVE LABELS YINZYY;0.05;DOC238A3D98566;252;27;TRAISKIRCHEN;AT;Packaging;Label adhesive
MARZEK ETIKETTEN GMBH.;SELF-ADHESIVE LABELS JXJBSN;0.6262128423790514;DOC2ED308A6DC9;88;27;TRAISKIRCHEN;AT;Packaging;Label adhesive
MARZEK ETIKETTEN GMBH.;SELF-ADHESIVE LABELS UHKDSD;0.6946017371915912;DOC2ED308A6DC9;265;27;TRAISKIRCHEN;AT;Packaging;Label adhesive
MARZEK ETIKETTEN GMBH.;SELF-ADHESIVE LABELS GTBCTY;0.677925693169966;DOC25D10C1195E;150;27;TRAISKIRCHEN;AT;Packaging;Label adhesive
MARZEK ETIKETTEN GMBH.;SELF-ADHESIVE LABELS EMIHWE;0.7934525863445652;DOC255D8AC3719;419;27;TRAISKIRCHEN;AT;Packaging;Label adhesive
MARZEK ETIKETTEN GMBH.;SELF-ADHESIVE LABELS EYRXXR;0.5527928083341238;DOC23DC1487AF2;22;27;TRAISKIRCHEN;AT;Packaging;Label adhesive
MARZEK ETIKETTEN GMBH.;SELF-ADHESIVE LABELS KCQFOQ;0.6825786041736132;DOC238A3D98566;414;27;TRAISKIRCHEN;AT;Packaging;Label adhesive
MARZEK ETIKETTEN GMBH.;SELF-ADHESIVE LABELS ACUWHB;0.568015651703867;DOC238A3D98566;114;27;TRAISKIRCHEN;AT;Packaging;Label adhesive
MARZEK ETIKETTEN GMBH.;SELF-ADHESIVE LABELS XXDOPT;0.5536802538768835;DOC2C23632BBE1;21;27;TRAISKIRCHEN;AT;Packaging;Label adhesive
MARZEK ETIKETTEN GMBH.;SELF-ADHESIVE LABELS YMVOWD;0.6473930340913991;DOC22C49D17EA6;379;27;TRAISKIRCHEN;AT;Packaging;Label adhesive
MARZEK ETIKETTEN GMBH.;SELF-ADHESIVE LABELS CGMLGF;0.6938926135805653;DOC2C23632BBE1;360;27;TRAISKIRCHEN;AT;Packaging;Label adhesive
MARZEK ETIKETTEN GMBH.;SELF-ADHESIVE LABELS JZHAGC;0.510164786075517;DOC2B20D5BF143;151;27;TRAISKIRCHEN;AT;Packaging;Label adhesive
MARZEK ETIKETTEN GMBH.;SELF-ADHESIVE LABELS QUAAGD;0.6601012270481629;DOC2F5F429A892;38;27;TRAISKIRCHEN;AT;Packaging;Label adhesive
MARZEK ETIKETTEN GMBH.;SELF-ADHESIVE LABELS AWNVQV;0.6934294165451009;DOC2D0A8925897;125;27;TRAISKIRCHEN;AT;Packaging;Label adhesive
MARZEK ETIKETTEN GMBH.;SELF-ADHESIVE LABELS ICBNZU;0.615546916840926;DOC277300A353C;298;27;TRAISKIRCHEN;AT;Packaging;Label adhesive
MARZEK ETIKETTEN GMBH.;SELF-ADHESIVE LABELS ROPFLQ;0.64788703409232;DOC2C6A63CD2A1;217;27;TRAISKIRCHEN;AT;Packaging;Label adhesive
MARZEK ETIKETTEN GMBH.;SELF-ADHESIVE LABELS HKZCXP;0.7427621318299515;DOC243F8D5862E;351;27;TRAISKIRCHEN;AT;Packaging;Label adhesive
MARZEK ETIKETTEN GMBH.;SELF-ADHESIVE LABELS GSXPKZ;0.7635970846782559;DOC2E1FD3128C9;319;27;TRAISKIRCHEN;AT;Packaging;Label adhesive
MARZEK ETIKETTEN GMBH.;SELF-ADHESIVE LABELS FAEUXO;0.5666838961811789;DOC2F067B4FB27;423;27;TRAISKIRCHEN;AT;Packaging;Label adhesive
MARZEK ETIKETTEN GMBH.;SELF-ADHESIVE LABELS KZJTGU;0.5185670287316347;DOC277300A353C;415;27;TRAISKIRCHEN;AT;Packaging;Label adhesive
MARZEK ETIKETTEN GMBH.;SELF-ADHESIVE LABELS VZZFYU;0.7066171541105621;DOC21565453CBE;297;27;TRAISKIRCHEN;AT;Packaging;Label adhesive
MARZEK ETIKETTEN GMBH.;LABEL PBZJGX.;0.083219807375882;DOC2D78A50CCEF;120;27;TRAISKIRCHEN;AT;Packaging;Label adhesive
MARZEK ETIKETTEN GMBH.;LABEL EKOCPX.;0.09074247120825751;DOC238A3D98566;317;27;TRAISKIRCHEN;AT;Packaging;Label adhesive
MARZEK ETIKETTEN GMBH.;LABEL SGSGRK.;0.08174181864005284;DOC26CD2A4547C;71;27;TRAISKIRCHEN;AT;Packaging;Label adhesive
MARZEK ETIKETTEN GMBH.;LABEL UVSSFD.;0.06542609886657116;DOC279B7F4BF14;96;27;TRAISKIRCHEN;AT;Packaging;Label adhesive
MARZEK ETIKETTEN GMBH.;LABEL BZRDGF.;0.050767389238643275;DOC2DFE1016009;107;27;TRAISKIRCHEN;AT;Packaging;Label adhesive
MARZEK ETIKETTEN GMBH.;LABEL TVNEPT.;0.09622361137706122;DOC2D78A50CCEF;256;27;TRAISKIRCHEN;AT;Packaging;Label adhesive
MARZEK ETIKETTEN GMBH.;LABEL CUTSHE;0.09564907492211563;DOC243F8D5862E;133;27;TRAISKIRCHEN;AT;Packaging;Label adhesive
MARZEK ETIKETTEN GMBH.;SELF-ADHESIVE LABELS MSHZSL;0.6511302259125024;DOC238A3D98566;178;27;TRAISKIRCHEN;AT;Packaging;Label adhesive
MARZEK ETIKETTEN GMBH.;LABEL CWOKXO.;0.060758248438148456;DOC2FAF977057E;85;27;TRAISKIRCHEN;AT;Packaging;Label adhesive
MARZEK ETIKETTEN GMBH.;LABEL JOFEOW.;0.0550157568200155;DOC25DF430E2CC;90;27;TRAISKIRCHEN;AT;Packaging;Label adhesive
MARZEK ETIKETTEN GMBH.;LABEL HNJQWS.;0.06806433210510436;DOC27E673FAF7F;94;27;TRAISKIRCHEN;AT;Packaging;Label adhesive
MARZEK ETIKETTEN GMBH.;LABEL YKFFDA.;0.0657147260151719;DOC218D18A443F;382;27;TRAISKIRCHEN;AT;Packaging;Label adhesive
MARZEK ETIKETTEN GMBH.;LABEL ZBNCVK.;0.07571168185228477;DOC27B47E743ED;185;27;TRAISKIRCHEN;AT;Packaging;Label adhesive
MARZEK ETIKETTEN GMBH.;LABEL WRHVWM.;0.07613301921233213;DOC28B5BF63E8D;137;27;TRAISKIRCHEN;AT;Packaging;Label adhesive
MARZEK ETIKETTEN GMBH.;LABEL XDOCLR.;0.07320034541345762;DOC27510F00855;187;27;TRAISKIRCHEN;AT;Packaging;Label adhesive
MARZEK ETIKETTEN GMBH.;LABEL NBYYLJ.;0.08686849634770666;DOC2B72FEA00A0;78;27;TRAISKIRCHEN;AT;Packaging;Label adhesive
MARZEK ETIKETTEN GMBH.;LABEL BFAIDH.;0.06802330892110937;DOC2D751002464;363;27;TRAISKIRCHEN;AT;Packaging;Label adhesive
MARZEK ETIKETTEN GMBH.;LABEL WAOFNA.;0.08551516400607695;DOC2B72FEA00A0;18;27;TRAISKIRCHEN;AT;Packaging;Label adhesive
MARZEK ETIKETTEN GMBH.;LABEL UNFMHA.;0.0768419765772805;DOC2134389AB11;422;27;TRAISKIRCHEN;AT;Packaging;Label adhesive
MARZEK ETIKETTEN GMBH.;LABEL BFIXLJ.;0.06504520696953564;DOC2BBD7D3639E;388;27;TRAISKIRCHEN;AT;Packaging;Label adhesive
MARZEK ETIKETTEN GMBH.;LABEL CSXNKK.;0.08006295424632898;DOC2C6A63CD2A1;99;27;TRAISKIRCHEN;AT;Packaging;Label adhesive
MARZEK ETIKETTEN GMBH.;SELF-ADHESIVE LABELS COQZCT;0.650737213838933;DOC2C23632BBE1;40;27;TRAISKIRCHEN;AT;Packaging;Label adhesive
MARZEK ETIKETTEN GMBH.;LABEL DNPZQJ.;0.08003713937351466;DOC27338718E42;411;27;TRAISKIRCHEN;AT;Packaging;Label adhesive
MARZEK ETIKETTEN GMBH.;LABEL IRPTTM.;0.050554564370183616;DOC2B216B8DFC6;362;27;TRAISKIRCHEN;AT;Packaging;Label adhesive
MARZEK ETIKETTEN GMBH.;LABEL NRGUTC.;0.0649972743685592;DOC2B216B8DFC6;404;27;TRAISKIRCHEN;AT;Packaging;Label adhesive
WVT Fass GmbH.;CUCUMBER OLRBPV.;1.3999999999343224;DOC27E673FAF7F;46;54;Rohrbach;AT;Raw Materials;Fruit, Berry & Vegetable
MARZEK ETIKETTEN GMBH.;LABEL CECMFB.;0.08561868353390376;DOC2B216B8DFC6;220;27;TRAISKIRCHEN;AT;Packaging;Label adhesive
MARZEK ETIKETTEN GMBH.;LABEL SUTEBZ.;0.08109120569056513;DOC2B216B8DFC6;375;27;TRAISKIRCHEN;AT;Packaging;Label adhesive
MARZEK ETIKETTEN GMBH.;LABEL GQKVBP.;0.09976275390226051;DOC2ED308A6DC9;196;27;TRAISKIRCHEN;AT;Packaging;Label adhesive
MARZEK ETIKETTEN GMBH.;LABEL WAVGKR.;0.07908555763782815;DOC26CD2A4547C;83;27;TRAISKIRCHEN;AT;Packaging;Label adhesive
MARZEK ETIKETTEN GMBH.;LABEL FCOPUA.;0.0593767128389176;DOC269A9C1DFF1;195;27;TRAISKIRCHEN;AT;Packaging;Label adhesive
MARZEK ETIKETTEN GMBH.;LABEL YKCLJI.;0.07813658851663946;DOC2F5F429A892;274;27;TRAISKIRCHEN;AT;Packaging;Label adhesive
MARZEK ETIKETTEN GMBH.;LABEL MGUMJX.;0.052171569826923336;DOC2159880AB55;369;27;TRAISKIRCHEN;AT;Packaging;Label adhesive
MARZEK ETIKETTEN GMBH.;LABEL ZAUQQF.;0.05420880768419354;DOC2E1FD3128C9;60;27;TRAISKIRCHEN;AT;Packaging;Label adhesive
MARZEK ETIKETTEN GMBH.;LABEL ARENUY.;0.09214573480271514;DOC2DFE1016009;287;27;TRAISKIRCHEN;AT;Packaging;Label adhesive
MARZEK ETIKETTEN GMBH.;LABEL FIBLIM.;0.09248387725884355;DOC2E74653D2ED;109;27;TRAISKIRCHEN;AT;Packaging;Label adhesive
MARZEK ETIKETTEN GMBH.;LABEL ADZMGY.;0.07630078699612058;DOC2C8434F2885;154;27;TRAISKIRCHEN;AT;Packaging;Label adhesive
MARZEK ETIKETTEN GMBH.;LABEL EKUIRV.;0.06218515184720397;DOC2C8434F2885;13;27;TRAISKIRCHEN;AT;Packaging;Label adhesive
MARZEK ETIKETTEN GMBH.;LABEL OSCOQPG.;0.08386502500749954;DOC25D10C1195E;289;27;TRAISKIRCHEN;AT;Packaging;Label adhesive
MARZEK ETIKETTEN GMBH.;LABEL TXHOJR.;0.06627262074061635;DOC2FD38481C52;209;27;TRAISKIRCHEN;AT;Packaging;Label adhesive
MARZEK ETIKETTEN GMBH.;LABEL YRVUIW.;0.09221314024862921;DOC295C7889D81;48;27;TRAISKIRCHEN;AT;Packaging;Label adhesive
MARZEK ETIKETTEN GMBH.;LABEL AAOMTW.;0.07710597675700134;DOC27E673FAF7F;329;27;TRAISKIRCHEN;AT;Packaging;Label adhesive
MARZEK ETIKETTEN GMBH.;LABEL YUAAFW.;0.054416962086309445;DOC2134389AB11;332;27;TRAISKIRCHEN;AT;Packaging;Label adhesive
MARZEK ETIKETTEN GMBH.;LABEL GRVNUV.;0.06306872407604416;DOC2C8434F2885;100;27;TRAISKIRCHEN;AT;Packaging;Label adhesive
MARZEK ETIKETTEN GMBH.;LABEL WNTPOJ.;0.052960612128437626;DOC2D78A50CCEF;184;27;TRAISKIRCHEN;AT;Packaging;Label adhesive
MARZEK ETIKETTEN GMBH.;LABEL QZNHLU.;0.08830372062388335;DOC275A7E117FE;105;27;TRAISKIRCHEN;AT;Packaging;Label adhesive
MARZEK ETIKETTEN GMBH.;LABEL KTAZWR.;0.05948615931264127;DOC2E1FD3128C9;56;27;TRAISKIRCHEN;AT;Packaging;Label adhesive
MARZEK ETIKETTEN GMBH.;LABEL WKNEZD.;0.08658798674192669;DOC25D10C1195E;346;27;TRAISKIRCHEN;AT;Packaging;Label adhesive
MARZEK ETIKETTEN GMBH.;LABEL FLCHLN.;0.06826347683520217;DOC2ED308A6DC9;312;27;TRAISKIRCHEN;AT;Packaging;Label adhesive
MARZEK ETIKETTEN GMBH.;LABEL SHMMGL.;0.0582318523700253;DOC25D10C1195E;43;27;TRAISKIRCHEN;AT;Packaging;Label adhesive
MARZEK ETIKETTEN GMBH.;LABEL JEYUSH.;0.08008851918487969;DOC2ED308A6DC9;406;27;TRAISKIRCHEN;AT;Packaging;Label adhesive
MARZEK ETIKETTEN GMBH.;LABEL AORWDQ.;0.09735004116528637;DOC2151BBA938D;44;27;TRAISKIRCHEN;AT;Packaging;Label adhesive
MARZEK ETIKETTEN GMBH.;LABEL MVWMTA.;0.09986695339888044;DOC2A8BE207544;115;27;TRAISKIRCHEN;AT;Packaging;Label adhesive
MARZEK ETIKETTEN GMBH.;LABEL MAZGME.;0.07705535620879027;DOC27B980A9D3F;142;27;TRAISKIRCHEN;AT;Packaging;Label adhesive
MARZEK ETIKETTEN GMBH.;LABEL XVOCUC.;0.07681166603182063;DOC29370CA8494;402;27;TRAISKIRCHEN;AT;Packaging;Label adhesive
MARZEK ETIKETTEN GMBH.;LABEL EVGCRP.;0.09210855698191854;DOC238A3D98566;324;27;TRAISKIRCHEN;AT;Packaging;Label adhesive
MARZEK ETIKETTEN GMBH.;LABEL JQTZJD.;0.09543989802702216;DOC238A3D98566;240;27;TRAISKIRCHEN;AT;Packaging;Label adhesive
MARZEK ETIKETTEN GMBH.;LABEL XBHHER.;0.08466439092840083;DOC25D10C1195E;37;27;TRAISKIRCHEN;AT;Packaging;Label adhesive
MARZEK ETIKETTEN GMBH.;LABEL ZFSGBD.;0.06906151616038482;DOC24C5286ADF9;70;27;TRAISKIRCHEN;AT;Packaging;Label adhesive
MARZEK ETIKETTEN GMBH.;LABEL HKSYPO.;0.05398066371724436;DOC238A3D98566;301;27;TRAISKIRCHEN;AT;Packaging;Label adhesive
MARZEK ETIKETTEN GMBH.;LABEL EWNBTW.;0.07800013892897605;DOC25D10C1195E;208;27;TRAISKIRCHEN;AT;Packaging;Label adhesive
MARZEK ETIKETTEN GMBH.;LABEL UCDXPR.;0.05865044876614685;DOC243F8D5862E;328;27;TRAISKIRCHEN;AT;Packaging;Label adhesive
MARZEK ETIKETTEN GMBH.;LABEL SNMXKA.;0.06029254237898235;DOC2D831EB3C6A;112;27;TRAISKIRCHEN;AT;Packaging;Label adhesive
MARZEK ETIKETTEN GMBH.;LABEL ZWBBLOZ.;0.09164521833675313;DOC238A3D98566;365;27;TRAISKIRCHEN;AT;Packaging;Label adhesive
MARZEK ETIKETTEN GMBH.;LABEL LOAHUO.;0.09532259816631547;DOC2477C56CF23;390;27;TRAISKIRCHEN;AT;Packaging;Label adhesive
MARZEK ETIKETTEN GMBH.;LABEL GOUBVN;0.07589988489435157;DOC238A3D98566;378;27;TRAISKIRCHEN;AT;Packaging;Label adhesive
Mayr & Holzinger OG;CUCUMBER YUYOVA.;1.0999999999959769;DOC2E93E461170;183;33;Ansfelden;AT;Raw Materials;Fruit, Berry & Vegetable
Mayr & Holzinger OG;CUCUMBER VOMRHG.;1.5999999998461312;DOC2E93E461170;350;33;Ansfelden;AT;Raw Materials;Fruit, Berry & Vegetable
ZIMMERMANN Druck KG;LABELS ATZHOY.;0.05601986088591467;DOC25E725DC4B3;405;6;GLEISDORF;AT;Packaging;Paper & Carton
ZIMMERMANN Druck KG;LABEL LVIUZU.;0.09193448434497059;DOC2278F8FA694;58;6;GLEISDORF;AT;Packaging;Paper & Carton
ZIMMERMANN Druck KG;LABEL TGPWQH.;0.05039415220025405;DOC2A879DBA794;299;6;GLEISDORF;AT;Packaging;Paper & Carton
ZIMMERMANN Druck KG;LABEL BHPTGI.;0.06646357181578547;DOC2EE398CABE7;65;6;GLEISDORF;AT;Packaging;Paper & Carton
ZIMMERMANN Druck KG;LABEL BVMMKT.;0.08732932566365918;DOC2278F8FA694;75;6;GLEISDORF;AT;Packaging;Paper & Carton
ZIMMERMANN Druck KG;LABEL KQDYWI.;0.06118904712603021;DOC2D6ACC3F485;203;6;GLEISDORF;AT;Packaging;Paper & Carton
ZIMMERMANN Druck KG;LABEL YQRZF.;0.0686080633426579;DOC2278F8FA694;291;6;GLEISDORF;AT;Packaging;Paper & Carton
ZIMMERMANN Druck KG;LABEL NBJXLY.;0.06106725377512196;DOC2CBA9AB766B;103;6;GLEISDORF;AT;Packaging;Paper & Carton
ZIMMERMANN Druck KG;LABEL WIEJBA.;0.06004641388370106;DOC2A29304C0ED;279;6;GLEISDORF;AT;Packaging;Paper & Carton
ZIMMERMANN Druck KG;LABEL ZVNCYW.;0.06127051723440517;DOC21D9AB6F6E4;310;6;GLEISDORF;AT;Packaging;Paper & Carton
ZIMMERMANN Druck KG;LABEL JEATKW.;0.08610096270014393;DOC21D9AB6F6E4;361;6;GLEISDORF;AT;Packaging;Paper & Carton
ZIMMERMANN Druck KG;LABEL VKRMLI.;0.05546563353700654;DOC2D6ACC3F485;305;6;GLEISDORF;AT;Packaging;Paper & Carton
ZIMMERMANN Druck KG;LABEL PQNDHQ.;0.07906253328799513;DOC2173AB37015;39;6;GLEISDORF;AT;Packaging;Paper & Carton
ZIMMERMANN Druck KG;LABEL MSTXTP.;0.05541325977174303;DOC2D6ACC3F485;73;6;GLEISDORF;AT;Packaging;Paper & Carton
ZIMMERMANN Druck KG;LABEL ICGVR.;0.0634783418916294;DOC2A879DBA794;231;6;GLEISDORF;AT;Packaging;Paper & Carton
ZIMMERMANN Druck KG;LABEL KHWYNV.;0.08577819792195168;DOC2278F8FA694;16;6;GLEISDORF;AT;Packaging;Paper & Carton
ZIMMERMANN Druck KG;LABEL FITLKA.;0.05970285207166575;DOC25986C5F2C1;177;6;GLEISDORF;AT;Packaging;Paper & Carton
ZIMMERMANN Druck KG;LABEL GETSDG.;0.062240079849579535;DOC25E725DC4B3;80;6;GLEISDORF;AT;Packaging;Paper & Carton
ZIMMERMANN Druck KG;LABEL MWXDTH.;0.0682631144734553;DOC257F887A8DC;281;6;GLEISDORF;AT;Packaging;Paper & Carton
ZIMMERMANN Druck KG;LABEL KLHDWU.;0.09059925150810554;DOC257F887A8DC;62;6;GLEISDORF;AT;Packaging;Paper & Carton
ZIMMERMANN Druck KG;LABEL EVNEWL.;0.06912839344089784;DOC21D9AB6F6E4;248;6;GLEISDORF;AT;Packaging;Paper & Carton
ZIMMERMANN Druck KG;LABEL AIGHZQ.;0.0809789588765026;DOC21D9AB6F6E4;307;6;GLEISDORF;AT;Packaging;Paper & Carton
ZIMMERMANN Druck KG;LABEL IRVUDJ.;0.05218736593487494;DOC2173AB37015;159;6;GLEISDORF;AT;Packaging;Paper & Carton
ZIMMERMANN Druck KG;LABEL MJLNIL.;0.05900056567399913;DOC257F887A8DC;143;6;GLEISDORF;AT;Packaging;Paper & Carton
ZIMMERMANN Druck KG;LABEL TEHTON.;0.08611557705113969;DOC257F887A8DC;157;6;GLEISDORF;AT;Packaging;Paper & Carton
ZIMMERMANN Druck KG;LABEL VDGNLE.;0.06228977807177785;DOC257F887A8DC;190;6;GLEISDORF;AT;Packaging;Paper & Carton
ZIMMERMANN Druck KG;LABEL BQUVQS.;0.07135022575761102;DOC257F887A8DC;168;6;GLEISDORF;AT;Packaging;Paper & Carton
ZIMMERMANN Druck KG;LABEL GMBOKH.;0.07329843312769965;DOC2D6ACC3F485;111;6;GLEISDORF;AT;Packaging;Paper & Carton
ZIMMERMANN Druck KG;LABEL GGPPDA.;0.09423408814528775;DOC257F887A8DC;24;6;GLEISDORF;AT;Packaging;Paper & Carton
ZIMMERMANN Druck KG;LABEL FQGMMP.;0.09917401602664357;DOC23CAAD5EFBE;385;6;GLEISDORF;AT;Packaging;Paper & Carton
ZIMMERMANN Druck KG;LABEL XZPUKC.;0.09856049503781238;DOC216C3EDA4FA;55;6;GLEISDORF;AT;Packaging;Paper & Carton
ZIMMERMANN Druck KG;LABEL ISPLZG.;0.05891520912257017;DOC257F887A8DC;128;6;GLEISDORF;AT;Packaging;Paper & Carton
ZIMMERMANN Druck KG;LABEL JENZLT.;0.08202246635404248;DOC2173AB37015;368;6;GLEISDORF;AT;Packaging;Paper & Carton
ZIMMERMANN Druck KG;LABEL RVJEIM;0.05289271515521943;DOC2D6ACC3F485;221;6;GLEISDORF;AT;Packaging;Paper & Carton
ZIMMERMANN Druck KG;LABEL WXPESH.;0.07490902212471663;DOC257F887A8DC;170;6;GLEISDORF;AT;Packaging;Paper & Carton
ZIMMERMANN Druck KG;LABEL NANMKQ.;0.0674272849486528;DOC257F887A8DC;224;6;GLEISDORF;AT;Packaging;Paper & Carton
ZIMMERMANN Druck KG;LABEL KLAMKZ.;0.07046967574473265;DOC257F887A8DC;270;6;GLEISDORF;AT;Packaging;Paper & Carton
ZIMMERMANN Druck KG;LABEL MLIWSZ.;0.06801104475602839;DOC21D9AB6F6E4;113;6;GLEISDORF;AT;Packaging;Paper & Carton
ZIMMERMANN Druck KG;LABEL ELXUNW.;0.08109037474214012;DOC21D9AB6F6E4;371;6;GLEISDORF;AT;Packaging;Paper & Carton
ZIMMERMANN Druck KG;LABEL ZSTAXO.;0.06809295347265451;DOC2A879DBA794;8;6;GLEISDORF;AT;Packaging;Paper & Carton
ZIMMERMANN Druck KG;LABEL RFWKDK.;0.05280142542442629;DOC2173AB37015;251;6;GLEISDORF;AT;Packaging;Paper & Carton
ZIMMERMANN Druck KG;LABEL LLFDYE.;0.07720272812485073;DOC216C3EDA4FA;345;6;GLEISDORF;AT;Packaging;Paper & Carton
ZIMMERMANN Druck KG;LABEL KGSBUB.;0.056963449173058844;DOC25986C5F2C1;95;6;GLEISDORF;AT;Packaging;Paper & Carton
ZIMMERMANN Druck KG;LABEL XXWYPH.;0.055952036008001596;DOC25986C5F2C1;278;6;GLEISDORF;AT;Packaging;Paper & Carton
ZIMMERMANN Druck KG;LABEL JYGDRK;0.08483827340501843;DOC238E016345A;68;6;GLEISDORF;AT;Packaging;Paper & Carton
ZIMMERMANN Druck KG;LABEL MVUTJU.;0.06905892040684468;DOC2A879DBA794;215;6;GLEISDORF;AT;Packaging;Paper & Carton
ZIMMERMANN Druck KG;LABEL DGJGBE.;0.0642274442014786;DOC257F887A8DC;302;6;GLEISDORF;AT;Packaging;Paper & Carton
ZIMMERMANN Druck KG;LABEL FFMCUR.;0.05484354980731268;DOC257F887A8DC;108;6;GLEISDORF;AT;Packaging;Paper & Carton
ZIMMERMANN Druck KG;LABEL QJIXWR.;0.09787581211465839;DOC257F887A8DC;123;6;GLEISDORF;AT;Packaging;Paper & Carton
ZIMMERMANN Druck KG;LABEL GCBMWG.;0.06566957393817158;DOC257F887A8DC;207;6;GLEISDORF;AT;Packaging;Paper & Carton
ZIMMERMANN Druck KG;LABEL VTPMEG.;0.09464140637706464;DOC2A879DBA794;374;6;GLEISDORF;AT;Packaging;Paper & Carton
ZIMMERMANN Druck KG;LABEL KMVUCC.;0.06279389755877589;DOC21D9AB6F6E4;127;6;GLEISDORF;AT;Packaging;Paper & Carton
ZIMMERMANN Druck KG;FEGOKK LABEL;1.0;DOC25986C5F2C1;342;6;GLEISDORF;AT;Packaging;Paper & Carton
ZIMMERMANN Druck KG;LABEL WNXPFU.;0.0697251561816774;DOC216C3EDA4FA;14;6;GLEISDORF;AT;Packaging;Paper & Carton
ZIMMERMANN Druck KG;LABEL YSUOMK.;0.09947676390628754;DOC25986C5F2C1;295;6;GLEISDORF;AT;Packaging;Paper & Carton
ZIMMERMANN Druck KG;LABEL ZVSNJJ.;0.08170154934482646;DOC2278F8FA694;399;6;GLEISDORF;AT;Packaging;Paper & Carton
ZIMMERMANN Druck KG;LABEL YTEOSM.;0.07215534267777375;DOC25986C5F2C1;204;6;GLEISDORF;AT;Packaging;Paper & Carton
ZIMMERMANN Druck KG;LABEL CYRJWC.;0.09535671866242472;DOC257F887A8DC;230;6;GLEISDORF;AT;Packaging;Paper & Carton
ZIMMERMANN Druck KG;LABEL XXZEAB.;0.05162357924364032;DOC257F887A8DC;219;6;GLEISDORF;AT;Packaging;Paper & Carton
ZIMMERMANN Druck KG;LABEL HHPSIB.;0.0850600357165315;DOC257F887A8DC;218;6;GLEISDORF;AT;Packaging;Paper & Carton
ZIMMERMANN Druck KG;LABEL TGBWCV.;0.08017626589767016;DOC25986C5F2C1;211;6;GLEISDORF;AT;Packaging;Paper & Carton
ZIMMERMANN Druck KG;LABEL VISYVT.;0.0659616170939885;DOC2D6ACC3F485;352;6;GLEISDORF;AT;Packaging;Paper & Carton
ZIMMERMANN Druck KG;LABEL HBHHIU.;0.07141797143656066;DOC2D6ACC3F485;330;6;GLEISDORF;AT;Packaging;Paper & Carton
ZIMMERMANN Druck KG;LABEL IQPZBU.;0.07287066015473179;DOC2EE398CABE7;413;6;GLEISDORF;AT;Packaging;Paper & Carton
ZIMMERMANN Druck KG;LABEL CGTYDE.;0.08172179842729185;DOC2173AB37015;331;6;GLEISDORF;AT;Packaging;Paper & Carton
ZIMMERMANN Druck KG;LABEL NDXDEH.;0.08900408828142578;DOC2173AB37015;12;6;GLEISDORF;AT;Packaging;Paper & Carton
ZIMMERMANN Druck KG;LABEL LUJPNO.;0.09105720308373969;DOC257F887A8DC;318;6;GLEISDORF;AT;Packaging;Paper & Carton
ZIMMERMANN Druck KG;LABEL WXYTJF.;0.08321382711847927;DOC2A879DBA794;264;6;GLEISDORF;AT;Packaging;Paper & Carton
ZIMMERMANN Druck KG;LABEL SEVZQU.;0.09701070963055855;DOC25986C5F2C1;383;6;GLEISDORF;AT;Packaging;Paper & Carton
ZIMMERMANN Druck KG;LABEL DQZDUD.;0.06400704037063468;DOC2EE398CABE7;283;6;GLEISDORF;AT;Packaging;Paper & Carton
ZIMMERMANN Druck KG;LABEL EAPRCI.;0.05129440921187992;DOC238E016345A;36;6;GLEISDORF;AT;Packaging;Paper & Carton
ZIMMERMANN Druck KG;LABEL SMNFS.;0.08478809873469355;DOC257F887A8DC;225;6;GLEISDORF;AT;Packaging;Paper & Carton
ZIMMERMANN Druck KG;LABEL CJVAHC.;0.05971218921593452;DOC25986C5F2C1;57;6;GLEISDORF;AT;Packaging;Paper & Carton
ZIMMERMANN Druck KG;LABEL XGMKQV.;0.07613189554934366;DOC216C3EDA4FA;276;6;GLEISDORF;AT;Packaging;Paper & Carton
ZIMMERMANN Druck KG;LABEL AXUTKT.;0.06365082683258758;DOC25986C5F2C1;119;6;GLEISDORF;AT;Packaging;Paper & Carton
ZIMMERMANN Druck KG;LABEL CJNXPF.;0.06130628644611833;DOC2278F8FA694;52;6;GLEISDORF;AT;Packaging;Paper & Carton
ZIMMERMANN Druck KG;LABEL FQPWPA.;0.07286152971197216;DOC257F887A8DC;27;6;GLEISDORF;AT;Packaging;Paper & Carton
ZIMMERMANN Druck KG;LABEL HNCDMU.;0.05030439765433484;DOC21D9AB6F6E4;145;6;GLEISDORF;AT;Packaging;Paper & Carton
ZIMMERMANN Druck KG;LABEL PPXZCP.;0.07843185038928827;DOC257F887A8DC;313;6;GLEISDORF;AT;Packaging;Paper & Carton
ZIMMERMANN Druck KG;LABEL YWRRKR.;0.050680054876149405;DOC257F887A8DC;272;6;GLEISDORF;AT;Packaging;Paper & Carton
ZIMMERMANN Druck KG;LABEL XWIXND.;0.06351293145382392;DOC257F887A8DC;314;6;GLEISDORF;AT;Packaging;Paper & Carton
ZIMMERMANN Druck KG;LABEL MEJCSO.;0.09292882619157941;DOC21D9AB6F6E4;308;6;GLEISDORF;AT;Packaging;Paper & Carton
ZIMMERMANN Druck KG;LABEL QWSAHH.;0.08203284737715946;DOC21D9AB6F6E4;354;6;GLEISDORF;AT;Packaging;Paper & Carton
ZIMMERMANN Druck KG;LABEL YUWENZ.;0.07607355322688955;DOC21D9AB6F6E4;141;6;GLEISDORF;AT;Packaging;Paper & Carton
ZIMMERMANN Druck KG;LABEL DGGNUY.;0.08670770286653649;DOC2EE398CABE7;7;6;GLEISDORF;AT;Packaging;Paper & Carton
ZIMMERMANN Druck KG;LABEL IHDTZY.;0.05975542476842638;DOC2D6ACC3F485;205;6;GLEISDORF;AT;Packaging;Paper & Carton
ZIMMERMANN Druck KG;LABEL GZBDIJ.;0.09969812520914832;DOC2278F8FA694;165;6;GLEISDORF;AT;Packaging;Paper & Carton
ZIMMERMANN Druck KG;LABEL SCCBUL.;0.05740081124220056;DOC25E725DC4B3;377;6;GLEISDORF;AT;Packaging;Paper & Carton
ZIMMERMANN Druck KG;LABEL UTHLSF.;0.08389408520663225;DOC2278F8FA694;158;6;GLEISDORF;AT;Packaging;Paper & Carton
ZIMMERMANN Druck KG;LABEL BMPPXJ.;0.09557589218573248;DOC2D6ACC3F485;213;6;GLEISDORF;AT;Packaging;Paper & Carton
ZIMMERMANN Druck KG;LABEL DURHOO.;0.07039154809621369;DOC2D6ACC3F485;193;6;GLEISDORF;AT;Packaging;Paper & Carton
ZIMMERMANN Druck KG;LABEL WDMJRS.;0.0906682810198508;DOC2D6ACC3F485;110;6;GLEISDORF;AT;Packaging;Paper & Carton
ZIMMERMANN Druck KG;LABEL MIVHSU.;0.07429676198142735;DOC2D6ACC3F485;172;6;GLEISDORF;AT;Packaging;Paper & Carton
ZIMMERMANN Druck KG;LABEL VCBXNW.;0.09870776321599845;DOC2D6ACC3F485;130;6;GLEISDORF;AT;Packaging;Paper & Carton
ZIMMERMANN Druck KG;LABEL XYLQTE.;0.07554282664535214;DOC2173AB37015;294;6;GLEISDORF;AT;Packaging;Paper & Carton
ZIMMERMANN Druck KG;LABEL THGGLOI.;0.0707839447747379;DOC2D6ACC3F485;82;6;GLEISDORF;AT;Packaging;Paper & Carton
ZIMMERMANN Druck KG;LABEL KFMFVD.;0.06927989310082402;DOC2D6ACC3F485;169;6;GLEISDORF;AT;Packaging;Paper & Carton
ZIMMERMANN Druck KG;LABEL SCEWXX.;0.08088646560696493;DOC2EE398CABE7;259;6;GLEISDORF;AT;Packaging;Paper & Carton
ZIMMERMANN Druck KG;LABEL DZTFUH.;0.06616740658698865;DOC257F887A8DC;10;6;GLEISDORF;AT;Packaging;Paper & Carton
ZIMMERMANN Druck KG;LABEL CFQODJ.;0.08226652620345562;DOC2A879DBA794;401;6;GLEISDORF;AT;Packaging;Paper & Carton
ZIMMERMANN Druck KG;LABEL EDXUMX.;0.0641785274401954;DOC257F887A8DC;277;6;GLEISDORF;AT;Packaging;Paper & Carton
ZIMMERMANN Druck KG;LABEL HXGLJJ.;0.09739878098226658;DOC2D6ACC3F485;285;6;GLEISDORF;AT;Packaging;Paper & Carton
ZIMMERMANN Druck KG;LABEL KLVQDD.;0.07479377103614812;DOC257F887A8DC;138;6;GLEISDORF;AT;Packaging;Paper & Carton
ZIMMERMANN Druck KG;LABEL JMMGAH.;0.07066035888363623;DOC21D9AB6F6E4;118;6;GLEISDORF;AT;Packaging;Paper & Carton
ZIMMERMANN Druck KG;LABEL WICJDR.;0.09001533926945099;DOC25986C5F2C1;400;6;GLEISDORF;AT;Packaging;Paper & Carton
ZIMMERMANN Druck KG;LABEL EQSFRZ;0.08841350572243559;DOC25986C5F2C1;194;6;GLEISDORF;AT;Packaging;Paper & Carton
ZIMMERMANN Druck KG;LABEL DRFHUR.;0.08364934969303826;DOC2173AB37015;243;6;GLEISDORF;AT;Packaging;Paper & Carton
ZIMMERMANN Druck KG;LABEL KAZGBD.;0.056082731423558685;DOC216C3EDA4FA;408;6;GLEISDORF;AT;Packaging;Paper & Carton
ZIMMERMANN Druck KG;LABEL XOAPOF;0.09232418485838152;DOC2173AB37015;189;6;GLEISDORF;AT;Packaging;Paper & Carton
ZIMMERMANN Druck KG;LABEL LTVEPQ.;0.057145000851639954;DOC2173AB37015;325;6;GLEISDORF;AT;Packaging;Paper & Carton
ZIMMERMANN Druck KG;LABEL ZEOYVC.;0.06453440273085613;DOC2A879DBA794;373;6;GLEISDORF;AT;Packaging;Paper & Carton
ZIMMERMANN Druck KG;LABEL-SELIAS;0.07745129514943215;DOC28BE772E87A;320;6;GLEISDORF;AT;Packaging;Paper & Carton
ZIMMERMANN Druck KG;LABEL JOFFER.;0.08115141874565066;DOC2D6ACC3F485;344;6;GLEISDORF;AT;Packaging;Paper & Carton
ZIMMERMANN Druck KG;LABEL FYKLXM.;0.06588750202226179;DOC25986C5F2C1;268;6;GLEISDORF;AT;Packaging;Paper & Carton
ZIMMERMANN Druck KG;LABEL KENXCQ.;0.07543803267785854;DOC2278F8FA694;104;6;GLEISDORF;AT;Packaging;Paper & Carton
ZIMMERMANN Druck KG;LABEL VJKLNZ.;0.06876710302484988;DOC2278F8FA694;176;6;GLEISDORF;AT;Packaging;Paper & Carton
ZIMMERMANN Druck KG;LABEL KFNNGQ.;0.07256282869640551;DOC257F887A8DC;17;6;GLEISDORF;AT;Packaging;Paper & Carton
ZIMMERMANN Druck KG;LABEL TGMJDQ.;0.06839114630801667;DOC2173AB37015;267;6;GLEISDORF;AT;Packaging;Paper & Carton
ZIMMERMANN Druck KG;LABEL QJHXTF.;0.0842427701026771;DOC2A879DBA794;51;6;GLEISDORF;AT;Packaging;Paper & Carton
ZIMMERMANN Druck KG;LABEL RUZFWL.;0.09202867936889894;DOC2A879DBA794;380;6;GLEISDORF;AT;Packaging;Paper & Carton
ZIMMERMANN Druck KG;LABEL YUUMNO.;0.06845993257301716;DOC2D6ACC3F485;129;6;GLEISDORF;AT;Packaging;Paper & Carton
ZIMMERMANN Druck KG;LABEL DXGFBH.;0.07556891387504637;DOC2D6ACC3F485;117;6;GLEISDORF;AT;Packaging;Paper & Carton
ZIMMERMANN Druck KG;LABEL HKJUKV.;0.056671544874125505;DOC2D6ACC3F485;53;6;GLEISDORF;AT;Packaging;Paper & Carton
ZIMMERMANN Druck KG;LABEL UYWNDR.;0.07878669245607174;DOC25986C5F2C1;418;6;GLEISDORF;AT;Packaging;Paper & Carton
ZIMMERMANN Druck KG;LABEL YZVRGT.;0.0536534798647246;DOC2173AB37015;311;6;GLEISDORF;AT;Packaging;Paper & Carton
ZIMMERMANN Druck KG;LABEL AZFHT.;0.09001142720202918;DOC2278F8FA694;140;6;GLEISDORF;AT;Packaging;Paper & Carton
ZIMMERMANN Druck KG;LABEL AUOOMS.;0.061653401399171054;DOC2173AB37015;201;6;GLEISDORF;AT;Packaging;Paper & Carton
ZIMMERMANN Druck KG;LABEL GVPCCQ.;0.05128861145326481;DOC2173AB37015;322;6;GLEISDORF;AT;Packaging;Paper & Carton
ZIMMERMANN Druck KG;LABEL JKVDBK.;0.0772919592820402;DOC21D9AB6F6E4;102;6;GLEISDORF;AT;Packaging;Paper & Carton
ZIMMERMANN Druck KG;LABEL RUPPIX.;0.0956421647606785;DOC2D6ACC3F485;229;6;GLEISDORF;AT;Packaging;Paper & Carton
Mayr & Holzinger OG;CUCUMBER ITKYDN.;1.2000000000281006;DOC2A24E718A8F;122;33;Ansfelden;AT;Raw Materials;Fruit, Berry & Vegetable
ZIMMERMANN Druck KG;LABEL GVLNEI.;0.08011227687646467;DOC25986C5F2C1;45;6;GLEISDORF;AT;Packaging;Paper & Carton
ZIMMERMANN Druck KG;LABEL GAHUQK.;0.07005229982316905;DOC2173AB37015;244;6;GLEISDORF;AT;Packaging;Paper & Carton
ZIMMERMANN Druck KG;LABEL JFLOU.;0.08985471174329615;DOC257F887A8DC;34;6;GLEISDORF;AT;Packaging;Paper & Carton
ZIMMERMANN Druck KG;LABEL WGKZJY.;0.06311614704227042;DOC2278F8FA694;260;6;GLEISDORF;AT;Packaging;Paper & Carton
ZIMMERMANN Druck KG;LABEL SHQKNF.;0.07684168742800207;DOC216C3EDA4FA;410;6;GLEISDORF;AT;Packaging;Paper & Carton
ZIMMERMANN Druck KG;LABEL HJOTZN.;0.09149613169425691;DOC2A29304C0ED;403;6;GLEISDORF;AT;Packaging;Paper & Carton
ZIMMERMANN Druck KG;LABEL MCZWFJ.;0.0971693157609811;DOC21D9AB6F6E4;303;6;GLEISDORF;AT;Packaging;Paper & Carton
ZIMMERMANN Druck KG;LABEL NLJMRF.;0.05454034085594122;DOC21D9AB6F6E4;81;6;GLEISDORF;AT;Packaging;Paper & Carton
ZIMMERMANN Druck KG;LABEL MEFNDT.;0.07633088910985197;DOC257F887A8DC;326;6;GLEISDORF;AT;Packaging;Paper & Carton
ZIMMERMANN Druck KG;LABEL XZKXEF.;0.08384787641431216;DOC2278F8FA694;333;6;GLEISDORF;AT;Packaging;Paper & Carton
ZIMMERMANN Druck KG;LABEL SQTSXP.;0.07866658248562491;DOC2278F8FA694;261;6;GLEISDORF;AT;Packaging;Paper & Carton
ZIMMERMANN Druck KG;LABEL SHYCVD.;0.09209072895592671;DOC238E016345A;31;6;GLEISDORF;AT;Packaging;Paper & Carton
ZIMMERMANN Druck KG;LABEL ZXQETF.;0.06517433734888178;DOC2A9ADAE0BE2;292;6;GLEISDORF;AT;Packaging;Paper & Carton
ZIMMERMANN Druck KG;LETTERING EUUBEE;0.061961129513240454;DOC2173AB37015;4;6;GLEISDORF;AT;Packaging;Paper & Carton
ZIMMERMANN Druck KG;LABEL SDFGGN.;0.07759020924152937;DOC25986C5F2C1;353;6;GLEISDORF;AT;Packaging;Paper & Carton
ZIMMERMANN Druck KG;LABEL WTLAYD.;0.08600082522095331;DOC2278F8FA694;394;6;GLEISDORF;AT;Packaging;Paper & Carton
ZIMMERMANN Druck KG;LABEL JXNAEC.;0.09541511626093271;DOC2278F8FA694;116;6;GLEISDORF;AT;Packaging;Paper & Carton
ZIMMERMANN Druck KG;LABEL BPKMUX.;0.05240705863699626;DOC2173AB37015;241;6;GLEISDORF;AT;Packaging;Paper & Carton
ZIMMERMANN Druck KG;LABEL VZVUWZ.;0.06127115844019407;DOC28BE772E87A;387;6;GLEISDORF;AT;Packaging;Paper & Carton
ZIMMERMANN Druck KG;LABEL PZASNJ.;0.08624728475222695;DOC2173AB37015;214;6;GLEISDORF;AT;Packaging;Paper & Carton
ZIMMERMANN Druck KG;LABEL PJZCCY.;0.09863211361513011;DOC2173AB37015;409;6;GLEISDORF;AT;Packaging;Paper & Carton
ZIMMERMANN Druck KG;LABEL OXWAIR;0.06549295604740511;DOC2173AB37015;282;6;GLEISDORF;AT;Packaging;Paper & Carton
ZIMMERMANN Druck KG;LABEL OPRUZN.;0.0885710079302807;DOC216C3EDA4FA;20;6;GLEISDORF;AT;Packaging;Paper & Carton
ZIMMERMANN Druck KG;LABEL EXIKYV.;0.06336797411822748;DOC2278F8FA694;386;6;GLEISDORF;AT;Packaging;Paper & Carton
ZIMMERMANN Druck KG;LABEL XLPAYC.;0.06594349011289474;DOC2173AB37015;392;6;GLEISDORF;AT;Packaging;Paper & Carton
ZIMMERMANN Druck KG;LABEL PBQPRB.;0.0662382720385605;DOC2173AB37015;266;6;GLEISDORF;AT;Packaging;Paper & Carton
ZIMMERMANN Druck KG;LABEL VXCXVT.;0.06168250884765945;DOC2278F8FA694;167;6;GLEISDORF;AT;Packaging;Paper & Carton
ZIMMERMANN Druck KG;LABEL FIKJOG.;0.06535163803596986;DOC216C3EDA4FA;358;6;GLEISDORF;AT;Packaging;Paper & Carton
ZIMMERMANN Druck KG;LABEL ITIOWY.;0.0764280299400277;DOC2278F8FA694;47;6;GLEISDORF;AT;Packaging;Paper & Carton
ZIMMERMANN Druck KG;LABEL PSVERJ.;0.05180549352796905;DOC2173AB37015;175;6;GLEISDORF;AT;Packaging;Paper & Carton
ZIMMERMANN Druck KG;LABEL IZSWNO.;0.05496884879311199;DOC2278F8FA694;316;6;GLEISDORF;AT;Packaging;Paper & Carton
ZIMMERMANN Druck KG;LABEL BXEEMEE.;0.09637812245728683;DOC2A879DBA794;32;6;GLEISDORF;AT;Packaging;Paper & Carton
ZIMMERMANN Druck KG;LABEL ZIDDIF;0.09115381795252889;DOC216C3EDA4FA;197;6;GLEISDORF;AT;Packaging;Paper & Carton
ZIMMERMANN Druck KG;LABEL MJQYKB.;0.08133235665383201;DOC2278F8FA694;164;6;GLEISDORF;AT;Packaging;Paper & Carton
ZIMMERMANN Druck KG;LABEL WGWLRV.;0.07620809630097891;DOC2278F8FA694;393;6;GLEISDORF;AT;Packaging;Paper & Carton
ZIMMERMANN Druck KG;LABEL OITKVB.;0.09363510649835992;DOC2278F8FA694;153;6;GLEISDORF;AT;Packaging;Paper & Carton
ZIMMERMANN Druck KG;LABEL GQLFKP.;0.0641613499818477;DOC2278F8FA694;417;6;GLEISDORF;AT;Packaging;Paper & Carton
ZIMMERMANN Druck KG;LABEL PXGLLH.;0.07607787262335011;DOC2173AB37015;139;6;GLEISDORF;AT;Packaging;Paper & Carton
ZIMMERMANN Druck KG;LABEL WZETKY.;0.05892283980535288;DOC2278F8FA694;343;6;GLEISDORF;AT;Packaging;Paper & Carton
ZIMMERMANN Druck KG;LABEL URFTRM;0.06901696892443386;DOC2278F8FA694;364;6;GLEISDORF;AT;Packaging;Paper & Carton
ZIMMERMANN Druck KG;LABEL YGOTHU.;0.055054783959863934;DOC2173AB37015;33;6;GLEISDORF;AT;Packaging;Paper & Carton
ZIMMERMANN Druck KG;LABEL SFIZPO.;0.05590760955821178;DOC2173AB37015;101;6;GLEISDORF;AT;Packaging;Paper & Carton
ZIMMERMANN Druck KG;LABEL TJVZSN.;0.07439160506659642;DOC2D6ACC3F485;179;6;GLEISDORF;AT;Packaging;Paper & Carton
ZIMMERMANN Druck KG;LABEL WSMBOO.;0.07640958393380412;DOC2173AB37015;19;6;GLEISDORF;AT;Packaging;Paper & Carton
Consorzio Padano Ortofrutticolo;TOMATO SCEFNE.;0.573057315909032;DOC26B80CAEB99;273;23;COLLECCHIO;IT;Raw Materials;Fruit, Berry & Vegetable
Crown Commercial Polska Sp.z.o.o.;METAL / / RVPCRQ;0.6395942918542721;DOC245271BA1E7;427;36;Goleniow;PL;Packaging;Metal
Crown Commercial Polska Sp.z.o.o.;METAL / / LNUMCA;0.5464558353407377;DOC2EE0D70D7D2;428;36;Goleniow;PL;Packaging;Metal
Crown Commercial Polska Sp.z.o.o.;ALUMINUM TBPJVV.;19.999999996889077;DOC2797EA8965D;180;36;Goleniow;PL;Packaging;Metal
Crown Commercial Polska Sp.z.o.o.;METAL / / BVJVHH;0.5744673503566751;DOC2524E0D1730;429;36;Goleniow;PL;Packaging;Metal
Crown Commercial Polska Sp.z.o.o.;METAL / / TRMQWN;0.7183773558513893;DOC21C13FE259B;381;36;Goleniow;PL;Packaging;Metal
Crown Commercial Polska Sp.z.o.o.;METAL / / XIHUCK;0.748431113890774;DOC2D35E041413;397;36;Goleniow;PL;Packaging;Metal
Crown Commercial Polska Sp.z.o.o.;METAL / / VLBYZU;0.7116219945458172;DOC207C6EB0ECA;296;36;Goleniow;PL;Packaging;Metal
Crown Commercial Polska Sp.z.o.o.;METAL // ZOOKVY;0.6187009922798969;DOC2F33948CF0E;136;36;Goleniow;PL;Packaging;Metal
Crown Commercial Polska Sp.z.o.o.;METAL // PCNMOF;0.5575654318658293;DOC2C54F9B76C1;15;36;Goleniow;PL;Packaging;Metal
Crown Commercial Polska Sp.z.o.o.;METAL // HUMMQE;0.7168027127543376;DOC21C13FE259B;253;36;Goleniow;PL;Packaging;Metal
Crown Commercial Polska Sp.z.o.o.;METAL / / SPILIR;0.657555254449649;DOC21C13FE259B;173;36;Goleniow;PL;Packaging;Metal
Crown Commercial Polska Sp.z.o.o.;METAL // SQEQLX;0.5822352286261812;DOC28FF8190EDF;181;36;Goleniow;PL;Packaging;Metal
Crown Commercial Polska Sp.z.o.o.;METAL // LNAIUD;0.7148160755039286;DOC2C902AC2394;166;36;Goleniow;PL;Packaging;Metal
Crown Commercial Polska Sp.z.o.o.;ALUMINUM BFUUFZ.;19.999999998282526;DOC2E023CA6880;336;36;Goleniow;PL;Packaging;Metal
Crown Commercial Polska Sp.z.o.o.;ALUMINUM PPAFYG.;20.0;DOC207C6EB0ECA;63;36;Goleniow;PL;Packaging;Metal
Crown Commercial Polska Sp.z.o.o.;ALUMINUM NIRYZL.;20.0;DOC27EB02CDD5F;366;36;Goleniow;PL;Packaging;Metal
Crown Commercial Polska Sp.z.o.o.;ALUMINUM YZUIYC.;19.999999998101437;DOC20A6CCA4521;186;36;Goleniow;PL;Packaging;Metal
Crown Commercial Polska Sp.z.o.o.;ALUMINUM LMVWMB.;19.999999994778264;DOC229BC2593B6;357;36;Goleniow;PL;Packaging;Metal
Crown Commercial Polska Sp.z.o.o.;ALUMINUM ADVTTQ.;19.999999996426084;DOC20A6CCA4521;25;36;Goleniow;PL;Packaging;Metal
Crown Commercial Polska Sp.z.o.o.;ALUMINUM LXDBTL.;19.99999999561068;DOC2310D8B36E8;237;36;Goleniow;PL;Packaging;Metal
Crown Commercial Polska Sp.z.o.o.;ALUMINUM TZKMVV.;19.99999999685152;DOC20A6CCA4521;395;36;Goleniow;PL;Packaging;Metal
Crown Commercial Polska Sp.z.o.o.;METAL CLOSURE SKJYKN;0.7637136532945358;DOC2C54F9B76C1;370;36;Goleniow;PL;Packaging;Metal
Crown Commercial Polska Sp.z.o.o.;KEGS TGBYCD.;1.3999999995636978;DOC2AAE39F6F93;162;36;Goleniow;PL;Packaging;Kegs
Crown Commercial Polska Sp.z.o.o.;METAL LATCH BAXWYW.;0.6990852877660175;DOC2E9EC3F191D;1;36;Goleniow;PL;Packaging;Metal
Crown Commercial Polska Sp.z.o.o.;METAL CLOSURE DUHKWL.;0.7103977797114659;DOC2E9EC3F191D;87;36;Goleniow;PL;Packaging;Metal
Crown Commercial Polska Sp.z.o.o.;METAL // NUUIIMS;0.6416059234470598;DOC2689ADD405F;356;36;Goleniow;PL;Packaging;Metal
D.NOMIKOS S.A.;TOMATO LJTZDU.;0.5177424252449654;DOC2910FFA08D6;359;26;Athens;GR;Raw Materials;Fruit, Berry & Vegetable
D.NOMIKOS S.A.;TOMATO CPCYCB.;0.7107771001803044;DOC22D8CA1EE85;232;26;Athens;GR;Raw Materials;Fruit, Berry & Vegetable
D.NOMIKOS S.A.;TOMATO CHQNHR.;0.7029949915933627;DOC2F0C12188D5;245;26;Athens;GR;Raw Materials;Fruit, Berry & Vegetable
D.NOMIKOS S.A.;TOMATO EGHJHI.;0.735792058563628;DOC20B88865AF3;223;26;Athens;GR;Raw Materials;Fruit, Berry & Vegetable
MASSBERG Karl W.K. GmbH.& Co KG;RICE DBEZDE.;0.6943824838820936;DOC20E8F19CADA;355;18;Hamburg;DE;Raw Materials;Fruit, Berry & Vegetable
MASSBERG Karl W.K. GmbH.& Co KG;RICE HACUDL.;0.6608437763321143;DOC20E8F19CADA;238;18;Hamburg;DE;Raw Materials;Fruit, Berry & Vegetable
MASSBERG Karl W.K. GmbH.& Co KG;RICE XMTGCA.;0.7076982345939886;DOC25847C334DF;49;18;Hamburg;DE;Raw Materials;Fruit, Berry & Vegetable
MASSBERG Karl W.K. GmbH.& Co KG;RICE JLTSDB.;0.6377252588116225;DOC28CF5EF0F65;384;18;Hamburg;DE;Raw Materials;Flour & Grain
MASSBERG Karl W.K. GmbH.& Co KG;RICE AMOPUQ.;0.5084843438458277;DOC264F68EB1E8;300;18;Hamburg;DE;Raw Materials;Fruit, Berry & Vegetable
MASSBERG Karl W.K. GmbH.& Co KG;RICE VPOWAD.;0.733059890280018;DOC2DCF11084DF;155;18;Hamburg;DE;Raw Materials;Fruit, Berry & Vegetable
Greenyard Prepare Belgium nv;PRESERVED VEGETABLES ZZOJCD.;0.7364330288421923;DOC26FBD51DAAA;199;48;Bree;BE;Raw Materials;Fruit, Berry & Vegetable
Greenyard Prepare Belgium nv;BEAN UFULSI.;220.00000005696717;DOC2321CC31290;163;48;Bree;BE;Raw Materials;Fruit, Berry & Vegetable
Mamminger Konserven GmbH;BEAN UFULSI.;220.00000002249084;DOC2BE2EEAE75C;163;46;Mamming;DE;Raw Materials;Fruit, Berry & Vegetable
Mamminger Konserven GmbH;PRESERVED VEGETABLES HDWLAD.;0.7808149287986871;DOC27108A49ECD;50;46;Mamming;DE;Raw Materials;Fruit, Berry & Vegetable
Mamminger Konserven GmbH;PRESERVED VEGETABLES DSWUOL.;0.7375661610906575;DOC27108A49ECD;206;46;Mamming;DE;Raw Materials;Fruit, Berry & Vegetable
Mamminger Konserven GmbH;BEAN ZBBLVG.;210.0000000097922;DOC2E467125C10;396;46;Mamming;DE;Raw Materials;Fruit, Berry & Vegetable
Mamminger Konserven GmbH;PRESERVED VEGETABLE NNMASE;0.6488761084389325;DOC2BA697BC571;69;46;Mamming;DE;Raw Materials;Fruit, Berry & Vegetable
Mamminger Konserven GmbH;CUCUMBER HBPLSL.;1.5000000000627076;DOC2244F888448;340;46;Mamming;DE;Raw Materials;Fruit, Berry & Vegetable
Mamminger Konserven GmbH;PRESERVED VEGETABLES EJLZRO.;0.7276004633195481;DOC2278338C294;5;46;Mamming;DE;Raw Materials;Fruit, Berry & Vegetable
Mamminger Konserven GmbH;PRESERVED VEGETABLES EZRKOT.;0.776474695080061;DOC2278338C294;420;46;Mamming;DE;Raw Materials;Fruit, Berry & Vegetable
CORETH Kunststoffverarb. GmbH;STOCK CONSUMERS VZHXIA;0.583578213599133;DOC295A6B9A1B3;210;5;UNTERWALTERSDORF;AT;Packaging;Plastic
Povazsky cukor a.s.;CRYSTAL SUGAR IRRBHB.;0.6000000001121563;DOC2ECB4AD8A51;275;30;Trencianska Tepla;SK;Raw Materials;Sweeteners
RPC Containers Limited;PLASTIC BOTTLES GSZIJU.;0.5910275111578899;DOC271454FA676;26;22;Halstead Essex;GB;Packaging;Plastic
RPC Containers Limited;PLASTIC BOTTLES ATABBI.;0.6630564552440571;DOC2F2743D6EF5;84;22;Halstead Essex;GB;Packaging;Plastic
RPC Containers Limited;PLASTIC BOTTLES LCOFWJ.;0.7000415710376429;DOC2F764BB0EA7;79;22;Halstead Essex;GB;Packaging;Plastic
RPC Containers Limited;PLASTIC BOTTLES GABJSE.;0.7268911140557966;DOC2D4B92DC171;148;22;Halstead Essex;GB;Packaging;Plastic
